Delete from [dbo].[cd_data_dict] where uuid = '47f2216d-d136-4836-897c-9a82e2d03318'
Delete from [dbo].[cd_data_dict] where uuid = '8ec0c94f-9435-4d9e-bbba-fb12fd717e57'
Delete from [dbo].[cd_data_dict] where uuid = '9118984c-fd3a-4cbe-bfbe-67a23f1cd5dc'
Delete from [dbo].[cd_data_dict] where uuid = 'a4dab97d-f885-423d-a412-48f140d8c2b2'

Delete from [dbo].[cd_data_dict] where uuid = '359994c7-faff-493f-bfe5-79d7bcd44581'
Delete from [dbo].[cd_data_dict] where uuid = '62523539-1bdb-4296-8150-9f784a59d666'
Delete from [dbo].[cd_data_dict] where uuid = '8f1224be-6757-4de5-afd1-65aa932f4e3b'
Delete from [dbo].[cd_data_dict] where uuid = 'ac8861c1-46dc-4021-a0dd-5449eb84f7c4'

Delete from [dbo].[cd_data_dict] where uuid = '426559ff-a2e5-4cbd-ad87-592e079b7274'

Delete from [dbo].[cd_data_dict] where uuid = '0bfa8cac-a99a-4216-9df0-21c20eaec7d1'
Delete from [dbo].[cd_data_dict] where uuid = '1ade0b05-a8a5-4bb3-b6ce-e542a0a72436'
Delete from [dbo].[cd_data_dict] where uuid = '245a49aa-3ef3-4e6b-84c1-6f9257b296a2'
Delete from [dbo].[cd_data_dict] where uuid = '2604f261-564b-4528-aa6c-022426d7b6db'
Delete from [dbo].[cd_data_dict] where uuid = '3b174cb8-185d-4875-9ce1-efd97f54b90f'
Delete from [dbo].[cd_data_dict] where uuid = '75400314-e60f-4bdc-933c-542f1c5b9ca7'
Delete from [dbo].[cd_data_dict] where uuid = '7d178fe2-1a38-4476-9123-f7fb6db5b61f'
Delete from [dbo].[cd_data_dict] where uuid = '8fdaee95-def3-4d24-8b16-0a72a3fe3bf3'
Delete from [dbo].[cd_data_dict] where uuid = '9650dcfd-4624-4283-a36b-b137823fcdac'
Delete from [dbo].[cd_data_dict] where uuid = 'af0743eb-7db1-49ba-bc37-b9df87dd9956'
Delete from [dbo].[cd_data_dict] where uuid = 'b38cbdae-4983-434f-908b-1ddaf2c248f2'

Delete from [dbo].[cd_data_dict] where uuid = '5c6c164f-8b79-475c-956a-4dc5aeaf41aa'
--字典
INSERT [dbo].[cd_data_dict] ([uuid], [create_time], [creator], [modifier], [modify_time], [rec_ver], [code], [name], [type], [parent_uuid]) VALUES (N'426559ff-a2e5-4cbd-ad87-592e079b7274', NULL, NULL, NULL, NULL, 0, N'003', N'公文交换', N'', NULL)
INSERT [dbo].[cd_data_dict] ([uuid], [create_time], [creator], [modifier], [modify_time], [rec_ver], [code], [name], [type], [parent_uuid]) VALUES (N'a4dab97d-f885-423d-a412-48f140d8c2b2', CAST(0x070056888776CE360B AS DateTime2), N'U0000000001', N'U0000000001', CAST(0x0770BEE71F8D11370B AS DateTime2), 2, N'', N'紧急程度', N'exchange_urgent_dict', N'426559ff-a2e5-4cbd-ad87-592e079b7274')
INSERT [dbo].[cd_data_dict] ([uuid], [create_time], [creator], [modifier], [modify_time], [rec_ver], [code], [name], [type], [parent_uuid]) VALUES (N'47f2216d-d136-4836-897c-9a82e2d03318', CAST(0x072082AB9076CE360B AS DateTime2), N'U0000000001', N'U0000000001', CAST(0x072082AB9076CE360B AS DateTime2), 0, N'1', N'一般', N'', N'a4dab97d-f885-423d-a412-48f140d8c2b2')
INSERT [dbo].[cd_data_dict] ([uuid], [create_time], [creator], [modifier], [modify_time], [rec_ver], [code], [name], [type], [parent_uuid]) VALUES (N'8ec0c94f-9435-4d9e-bbba-fb12fd717e57', CAST(0x0730AE1FFE76CE360B AS DateTime2), N'U0000000001', N'U0000000001', CAST(0x0730AE1FFE76CE360B AS DateTime2), 0, N'2', N'紧急', N'', N'a4dab97d-f885-423d-a412-48f140d8c2b2')
INSERT [dbo].[cd_data_dict] ([uuid], [create_time], [creator], [modifier], [modify_time], [rec_ver], [code], [name], [type], [parent_uuid]) VALUES (N'9118984c-fd3a-4cbe-bfbe-67a23f1cd5dc', CAST(0x07B0DD890C77CE360B AS DateTime2), N'U0000000001', N'U0000000001', CAST(0x07B0DD890C77CE360B AS DateTime2), 0, N'3', N'特急', N'', N'a4dab97d-f885-423d-a412-48f140d8c2b2')
INSERT [dbo].[cd_data_dict] ([uuid], [create_time], [creator], [modifier], [modify_time], [rec_ver], [code], [name], [type], [parent_uuid]) VALUES (N'1ef8ec45-917a-4e12-8072-5e6628e6c972', CAST(0x0700BC9C2482E7360B AS DateTime2), N'U0000000001', N'U0000000001', CAST(0x07C0FB09258D11370B AS DateTime2), 2, N'', N'密级', N'exchange_secure_dict', N'426559ff-a2e5-4cbd-ad87-592e079b7274')
INSERT [dbo].[cd_data_dict] ([uuid], [create_time], [creator], [modifier], [modify_time], [rec_ver], [code], [name], [type], [parent_uuid]) VALUES (N'18f7c056-1006-4fc4-b42c-f709a7877129', CAST(0x0720F3C03082E7360B AS DateTime2), N'U0000000001', N'U0000000001', CAST(0x0720F3C03082E7360B AS DateTime2), 0, N'1', N'秘密 ', N'', N'1ef8ec45-917a-4e12-8072-5e6628e6c972')
INSERT [dbo].[cd_data_dict] ([uuid], [create_time], [creator], [modifier], [modify_time], [rec_ver], [code], [name], [type], [parent_uuid]) VALUES (N'f7c1cce6-1308-48d9-8052-42d2d668754b', CAST(0x07802B82478A13370B AS DateTime2), N'U0000000001', N'U0000000001', CAST(0x07802B82478A13370B AS DateTime2), 2, N'2', N'绝密', N'', N'1ef8ec45-917a-4e12-8072-5e6628e6c972')
INSERT [dbo].[cd_data_dict] ([uuid], [create_time], [creator], [modifier], [modify_time], [rec_ver], [code], [name], [type], [parent_uuid]) VALUES (N'9ff2ca7f-ddac-4071-a051-6ff4d22ccd39', CAST(0x0730D18A4D8A13370B AS DateTime2), N'U0000000001', N'U0000000001', CAST(0x0730D18A4D8A13370B AS DateTime2), 2, N'3', N'保密', N'', N'1ef8ec45-917a-4e12-8072-5e6628e6c972')

INSERT [dbo].[cd_data_dict] ([uuid], [create_time], [creator], [modifier], [modify_time], [rec_ver], [code], [name], [type], [parent_uuid]) VALUES (N'5c6c164f-8b79-475c-956a-4dc5aeaf41aa', CAST(0x078069CE0376CE360B AS DateTime2), N'U0000000001', N'U0000000001', CAST(0x07E0CF250E76CE360B AS DateTime2), 9, N'011001002', N'公文交换', N'', N'1cc0201d-f6b1-4a00-824c-86e477160602')
INSERT [dbo].[cd_data_dict] ([uuid], [create_time], [creator], [modifier], [modify_time], [rec_ver], [code], [name], [type], [parent_uuid]) VALUES (N'7d178fe2-1a38-4476-9123-f7fb6db5b61f', CAST(0x0780EDA51B76CE360B AS DateTime2), N'U0000000001', N'U0000000001', CAST(0x0790B716B38913370B AS DateTime2), 11, N'DY_EXCHANGE_FIELD_TITLE', N'标题', N'', N'5c6c164f-8b79-475c-956a-4dc5aeaf41aa')
INSERT [dbo].[cd_data_dict] ([uuid], [create_time], [creator], [modifier], [modify_time], [rec_ver], [code], [name], [type], [parent_uuid]) VALUES (N'2604f261-564b-4528-aa6c-022426d7b6db', CAST(0x0780D5D3E47DDC360B AS DateTime2), N'U0000000001', N'U0000000001', CAST(0x07704F9CCE8913370B AS DateTime2), 10, N'DY_EXCHANGE_FIELD_DOCNO', N'文号', N'', N'5c6c164f-8b79-475c-956a-4dc5aeaf41aa')
INSERT [dbo].[cd_data_dict] ([uuid], [create_time], [creator], [modifier], [modify_time], [rec_ver], [code], [name], [type], [parent_uuid]) VALUES (N'11ea9cbe-cfb4-4443-a4cd-4389d9955316', CAST(0x07A0F7AFBF8913370B AS DateTime2), N'U0000000001', N'U0000000001', CAST(0x07A0F7AFBF8913370B AS DateTime2), 9, N'DY_EXCHANGE_FIELD_KEYWORD', N'关键词', N'', N'5c6c164f-8b79-475c-956a-4dc5aeaf41aa')
INSERT [dbo].[cd_data_dict] ([uuid], [create_time], [creator], [modifier], [modify_time], [rec_ver], [code], [name], [type], [parent_uuid]) VALUES (N'0bfa8cac-a99a-4216-9df0-21c20eaec7d1', CAST(0x078094F5DD76CE360B AS DateTime2), N'U0000000001', N'U0000000001', CAST(0x07A0B57DDE8913370B AS DateTime2), 10, N'DY_EXCHANGE_FIELD_SECRET', N'密级', N'', N'5c6c164f-8b79-475c-956a-4dc5aeaf41aa')
INSERT [dbo].[cd_data_dict] ([uuid], [create_time], [creator], [modifier], [modify_time], [rec_ver], [code], [name], [type], [parent_uuid]) VALUES (N'8fdaee95-def3-4d24-8b16-0a72a3fe3bf3', CAST(0x0780BDB82E76CE360B AS DateTime2), N'U0000000001', N'U0000000001', CAST(0x07A01AACD78913370B AS DateTime2), 11, N'DY_EXCHANGE_FIELD_URGENT', N'缓急', N'', N'5c6c164f-8b79-475c-956a-4dc5aeaf41aa')
INSERT [dbo].[cd_data_dict] ([uuid], [create_time], [creator], [modifier], [modify_time], [rec_ver], [code], [name], [type], [parent_uuid]) VALUES (N'b38cbdae-4983-434f-908b-1ddaf2c248f2', CAST(0x078091744A7FDA360B AS DateTime2), N'U0000000001', N'U0000000001', CAST(0x07D0FFD4E98913370B AS DateTime2), 10, N'DY_EXCHANGE_FIELD_SIGN_LIMIT', N'签收时限', N'', N'5c6c164f-8b79-475c-956a-4dc5aeaf41aa')
INSERT [dbo].[cd_data_dict] ([uuid], [create_time], [creator], [modifier], [modify_time], [rec_ver], [code], [name], [type], [parent_uuid]) VALUES (N'3b174cb8-185d-4875-9ce1-efd97f54b90f', CAST(0x0700CBEE5C7FDA360B AS DateTime2), N'U0000000001', N'U0000000001', CAST(0x07A0E66BF18913370B AS DateTime2), 10, N'DY_EXCHANGE_FIELD_FEEDBACK_LIMIT', N'反馈时限', N'', N'5c6c164f-8b79-475c-956a-4dc5aeaf41aa')
INSERT [dbo].[cd_data_dict] ([uuid], [create_time], [creator], [modifier], [modify_time], [rec_ver], [code], [name], [type], [parent_uuid]) VALUES (N'245a49aa-3ef3-4e6b-84c1-6f9257b296a2', CAST(0x07807DD56B7FDA360B AS DateTime2), N'U0000000001', N'U0000000001', CAST(0x0770BD4CFB8913370B AS DateTime2), 11, N'DY_EXCHANGE_FIELD_SENDER_USER', N'发送方', N'', N'5c6c164f-8b79-475c-956a-4dc5aeaf41aa')
INSERT [dbo].[cd_data_dict] ([uuid], [create_time], [creator], [modifier], [modify_time], [rec_ver], [code], [name], [type], [parent_uuid]) VALUES (N'1ade0b05-a8a5-4bb3-b6ce-e542a0a72436', CAST(0x07805B0F867FDA360B AS DateTime2), N'U0000000001', N'U0000000001', CAST(0x07D06FA30A8A13370B AS DateTime2), 10, N'DY_EXCHANGE_FIELD_SENDEE_USER', N'接收人', N'', N'5c6c164f-8b79-475c-956a-4dc5aeaf41aa')
INSERT [dbo].[cd_data_dict] ([uuid], [create_time], [creator], [modifier], [modify_time], [rec_ver], [code], [name], [type], [parent_uuid]) VALUES (N'75400314-e60f-4bdc-933c-542f1c5b9ca7', CAST(0x0700D659787FDA360B AS DateTime2), N'U0000000001', N'U0000000001', CAST(0x07B04D1F038A13370B AS DateTime2), 10, N'DY_EXCHANGE_FIELD_SENDEE_UNIT', N'接收单位', N'', N'5c6c164f-8b79-475c-956a-4dc5aeaf41aa')
INSERT [dbo].[cd_data_dict] ([uuid], [create_time], [creator], [modifier], [modify_time], [rec_ver], [code], [name], [type], [parent_uuid]) VALUES (N'bc9756db-f02e-48c9-a4ed-7eaab3be73da', CAST(0x0780479DD880E7360B AS DateTime2), N'U0000000001', N'U0000000001', CAST(0x073074BD138A13370B AS DateTime2), 10, N'DY_EXCHANGE_FIELD_SENDEE_OUTUNIT', N'接收单位(外部)', N'', N'5c6c164f-8b79-475c-956a-4dc5aeaf41aa')
INSERT [dbo].[cd_data_dict] ([uuid], [create_time], [creator], [modifier], [modify_time], [rec_ver], [code], [name], [type], [parent_uuid]) VALUES (N'29bc0157-1ed4-46db-bbb9-0f3b91a089b6', CAST(0x0780AC781D8811370B AS DateTime2), N'U0000000001', N'U0000000001', CAST(0x0780FEB1218A13370B AS DateTime2), 10, N'DY_EXCHANGE_FIELD_COPY_USER', N'抄送人', N'', N'5c6c164f-8b79-475c-956a-4dc5aeaf41aa')
INSERT [dbo].[cd_data_dict] ([uuid], [create_time], [creator], [modifier], [modify_time], [rec_ver], [code], [name], [type], [parent_uuid]) VALUES (N'250e93e8-615a-487b-a3a6-d680fdf7c448', CAST(0x0700322E2B8811370B AS DateTime2), N'U0000000001', N'U0000000001', CAST(0x07B0D1F61A8A13370B AS DateTime2), 10, N'DY_EXCHANGE_FIELD_COPY_UNIT', N'抄送单位', N'', N'5c6c164f-8b79-475c-956a-4dc5aeaf41aa')
INSERT [dbo].[cd_data_dict] ([uuid], [create_time], [creator], [modifier], [modify_time], [rec_ver], [code], [name], [type], [parent_uuid]) VALUES (N'af0743eb-7db1-49ba-bc37-b9df87dd9956', CAST(0x0780CE03AB7FDA360B AS DateTime2), N'U0000000001', N'U0000000001', CAST(0x07502E222A8A13370B AS DateTime2), 10, N'DY_EXCHANGE_FIELD_SUPERVISE_USER', N'督办人', N'', N'5c6c164f-8b79-475c-956a-4dc5aeaf41aa')
INSERT [dbo].[cd_data_dict] ([uuid], [create_time], [creator], [modifier], [modify_time], [rec_ver], [code], [name], [type], [parent_uuid]) VALUES (N'27d1b702-11a7-486b-bc5e-35f9c1a52173', CAST(0x07901604348A13370B AS DateTime2), N'U0000000001', N'U0000000001', CAST(0x07901604348A13370B AS DateTime2), 9, N'DY_EXCHANGE_FIELD_ATTACHMENT', N'附件', N'', N'5c6c164f-8b79-475c-956a-4dc5aeaf41aa')
--权限
INSERT [dbo].[cd_data_dict] ([uuid], [create_time], [creator], [modifier], [modify_time], [rec_ver], [code], [name], [type], [parent_uuid]) VALUES (N'1236782f-a860-4473-bb32-08d224895523', CAST(0x07F00C5FB65651370B AS DateTime2), N'U0000000001', N'U0000000001', CAST(0x07F00C5FB65651370B AS DateTime2), 1, N'003003004', N'公文交换', N'', N'a2afe3cb-4002-4be1-af1e-d08b0ec122b0')
INSERT [dbo].[cd_data_dict] ([uuid], [create_time], [creator], [modifier], [modify_time], [rec_ver], [code], [name], [type], [parent_uuid]) VALUES (N'b7e6ba1b-b4bc-4fdb-8b5f-76b5dc63b8b8', CAST(0x0710A7600E5751370B AS DateTime2), N'U0000000001', N'U0000000001', CAST(0x0710A7600E5751370B AS DateTime2), 1, N'4', N'创建', N'', N'1236782f-a860-4473-bb32-08d224895523')
INSERT [dbo].[cd_data_dict] ([uuid], [create_time], [creator], [modifier], [modify_time], [rec_ver], [code], [name], [type], [parent_uuid]) VALUES (N'bf677d94-89d4-49e7-a626-3a40a0e55866', CAST(0x07107F8A165751370B AS DateTime2), N'U0000000001', N'U0000000001', CAST(0x07107F8A165751370B AS DateTime2), 1, N'8', N'删除', N'', N'1236782f-a860-4473-bb32-08d224895523')
INSERT [dbo].[cd_data_dict] ([uuid], [create_time], [creator], [modifier], [modify_time], [rec_ver], [code], [name], [type], [parent_uuid]) VALUES (N'e408d3da-2994-4341-b92b-c5ef184eabd0', CAST(0x07202AF6C25651370B AS DateTime2), N'U0000000001', N'U0000000001', CAST(0x07202AF6C25651370B AS DateTime2), 1, N'32', N'草稿', N'', N'1236782f-a860-4473-bb32-08d224895523')
INSERT [dbo].[cd_data_dict] ([uuid], [create_time], [creator], [modifier], [modify_time], [rec_ver], [code], [name], [type], [parent_uuid]) VALUES (N'67249343-0909-46a4-bbe8-5ccb678fcffd', CAST(0x07B0F1E3FA5651370B AS DateTime2), N'U0000000001', N'U0000000001', CAST(0x07B0F1E3FA5651370B AS DateTime2), 1, N'64', N'待办', N'', N'1236782f-a860-4473-bb32-08d224895523')
INSERT [dbo].[cd_data_dict] ([uuid], [create_time], [creator], [modifier], [modify_time], [rec_ver], [code], [name], [type], [parent_uuid]) VALUES (N'09c1f924-d6b4-41df-b5e2-f25ac9a7a60d', CAST(0x0780EF99D65651370B AS DateTime2), N'U0000000001', N'U0000000001', CAST(0x0780EF99D65651370B AS DateTime2), 1, N'2048', N'督办', N'', N'1236782f-a860-4473-bb32-08d224895523')
--系统表
INSERT [dbo].[cd_system_table_entity] ([uuid], [create_time], [creator], [modifier], [modify_time], [rec_ver], [chinese_name], [full_entity_name], [remark], [table_name], [entity_name], [module_name], [moduleid]) VALUES (N'5fc75ff5-2597-473b-96ad-ada0c4010f2f', NULL, N'', N'U0000000001', CAST(0x07708F54958451370B AS DateTime2), 9, N'公文交换信息表', N'com.wellsoft.exchange.entity.ExchangeDocument', N'', N'exchange_document', NULL, N'EXCHANGE', NULL)
INSERT [dbo].[cd_system_table_entity] ([uuid], [create_time], [creator], [modifier], [modify_time], [rec_ver], [chinese_name], [full_entity_name], [remark], [table_name], [entity_name], [module_name], [moduleid]) VALUES (N'd4c0e435-a0ac-44df-a4d1-2322984757e8', NULL, N'', N'U0000000001', CAST(0x07304A89A98451370B AS DateTime2), 9, N'公文交换发送表', N'com.wellsoft.exchange.entity.ExchangeSender', N'', N'exchange_sender', NULL, N'EXCHANGE', NULL)
INSERT [dbo].[cd_system_table_entity] ([uuid], [create_time], [creator], [modifier], [modify_time], [rec_ver], [chinese_name], [full_entity_name], [remark], [table_name], [entity_name], [module_name], [moduleid]) VALUES (N'fed8bdd9-468e-4b54-bad4-740dbb341f06', NULL, N'', N'U0000000001', CAST(0x07E042D5A58451370B AS DateTime2), 5, N'公文交换接收表', N'com.wellsoft.exchange.entity.ExchangeSendee', N'', N'exchange_sendee', NULL, N'EXCHANGE', NULL)

INSERT [dbo].[cd_system_table_relationship] ([uuid], [create_time], [creator], [modifier], [modify_time], [rec_ver], [associated_attributes], [main_table_name], [secondary_table_name], [table_relationship], [system_table_uuid]) VALUES (N'28c7ff81-fcc3-4564-9d36-03447ac5a072', CAST(0x0790C370D47A51370B AS DateTime2), N'U0000000001', N'U0000000001', CAST(0x0790C370D47A51370B AS DateTime2), 0, N'exchangeSenders', N'com.wellsoft.exchange.entity.ExchangeDocument', N'com.wellsoft.exchange.entity.ExchangeSender', N'一对多', N'5fc75ff5-2597-473b-96ad-ada0c4010f2f')
INSERT [dbo].[cd_system_table_relationship] ([uuid], [create_time], [creator], [modifier], [modify_time], [rec_ver], [associated_attributes], [main_table_name], [secondary_table_name], [table_relationship], [system_table_uuid]) VALUES (N'bca0bfc7-12bf-4b12-a3d8-47ec888c3830', CAST(0x0770818A707C51370B AS DateTime2), N'U0000000001', N'U0000000001', CAST(0x0770818A707C51370B AS DateTime2), 0, N'exchangeSendees', N'com.wellsoft.exchange.entity.ExchangeSender', N'com.wellsoft.exchange.entity.ExchangeSendee', N'一对多', N'd4c0e435-a0ac-44df-a4d1-2322984757e8')

INSERT [dbo].[cd_system_table_entity_attribute] ([uuid], [create_time], [creator], [modifier], [modify_time], [rec_ver], [attribute_name], [chinese_name], [remark], [system_table_uuid], [column_type], [column_aliases], [constant], [data_dictionary], [is_organize_selection_box], [entity_name]) VALUES (N'ba8f333b-c748-40e0-90c0-c7193aa7cd5b', NULL, NULL, N'U0000000001', CAST(0x07B09820448451370B AS DateTime2), 2, N'createTime', N'createTime', N'', N'5fc75ff5-2597-473b-96ad-ada0c4010f2f', N'', N'exchangeDocument_createTime', N'', N'', NULL, N'ExchangeDocument')
INSERT [dbo].[cd_system_table_entity_attribute] ([uuid], [create_time], [creator], [modifier], [modify_time], [rec_ver], [attribute_name], [chinese_name], [remark], [system_table_uuid], [column_type], [column_aliases], [constant], [data_dictionary], [is_organize_selection_box], [entity_name]) VALUES (N'b4cd06e0-73f6-426d-8e33-13e86e8b1c59', NULL, NULL, N'U0000000001', CAST(0x07E0422D448451370B AS DateTime2), 2, N'creator', N'creator', N'', N'5fc75ff5-2597-473b-96ad-ada0c4010f2f', N'', N'exchangeDocument_creator', N'', N'', NULL, N'ExchangeDocument')
INSERT [dbo].[cd_system_table_entity_attribute] ([uuid], [create_time], [creator], [modifier], [modify_time], [rec_ver], [attribute_name], [chinese_name], [remark], [system_table_uuid], [column_type], [column_aliases], [constant], [data_dictionary], [is_organize_selection_box], [entity_name]) VALUES (N'769572ec-d0de-4434-9a42-f51234ed565c', NULL, NULL, N'U0000000001', CAST(0x0740E016088451370B AS DateTime2), 2, N'dataUUID', N'dataUUID', N'', N'5fc75ff5-2597-473b-96ad-ada0c4010f2f', N'', N'exchangeDocument_dataUUID', N'', N'', NULL, N'ExchangeDocument')
INSERT [dbo].[cd_system_table_entity_attribute] ([uuid], [create_time], [creator], [modifier], [modify_time], [rec_ver], [attribute_name], [chinese_name], [remark], [system_table_uuid], [column_type], [column_aliases], [constant], [data_dictionary], [is_organize_selection_box], [entity_name]) VALUES (N'c4ef7bb6-34ed-43a6-8cec-0de0c9404da0', NULL, NULL, N'U0000000001', CAST(0x07507819088451370B AS DateTime2), 2, N'docKeyword', N'关键词', N'', N'5fc75ff5-2597-473b-96ad-ada0c4010f2f', N'', N'exchangeDocument_docKeyword', N'', N'', NULL, N'ExchangeDocument')
INSERT [dbo].[cd_system_table_entity_attribute] ([uuid], [create_time], [creator], [modifier], [modify_time], [rec_ver], [attribute_name], [chinese_name], [remark], [system_table_uuid], [column_type], [column_aliases], [constant], [data_dictionary], [is_organize_selection_box], [entity_name]) VALUES (N'afd5ecb5-cd98-4008-a125-68986a7bdb97', NULL, NULL, N'U0000000001', CAST(0x07501E28088451370B AS DateTime2), 2, N'docTitle', N'标题', N'', N'5fc75ff5-2597-473b-96ad-ada0c4010f2f', N'', N'exchangeDocument_docTitle', N'', N'', NULL, N'ExchangeDocument')
INSERT [dbo].[cd_system_table_entity_attribute] ([uuid], [create_time], [creator], [modifier], [modify_time], [rec_ver], [attribute_name], [chinese_name], [remark], [system_table_uuid], [column_type], [column_aliases], [constant], [data_dictionary], [is_organize_selection_box], [entity_name]) VALUES (N'4edd3965-603d-469d-8d10-930e2d3f4032', NULL, NULL, N'U0000000001', CAST(0x0710121F448451370B AS DateTime2), 2, N'exchangeSenders', N'exchangeSenders', N'', N'5fc75ff5-2597-473b-96ad-ada0c4010f2f', N'', N'exchangeDocument_exchangeSenders', N'', N'', NULL, N'ExchangeDocument')
INSERT [dbo].[cd_system_table_entity_attribute] ([uuid], [create_time], [creator], [modifier], [modify_time], [rec_ver], [attribute_name], [chinese_name], [remark], [system_table_uuid], [column_type], [column_aliases], [constant], [data_dictionary], [is_organize_selection_box], [entity_name]) VALUES (N'a5b2e3ac-76ea-4dc4-8a64-9edc105ade43', NULL, NULL, N'U0000000001', CAST(0x07906037088451370B AS DateTime2), 3, N'flag', N'标识', N'0正常 1删除', N'5fc75ff5-2597-473b-96ad-ada0c4010f2f', N'', N'exchangeDocument_flag', N'', N'', NULL, N'ExchangeDocument')
INSERT [dbo].[cd_system_table_entity_attribute] ([uuid], [create_time], [creator], [modifier], [modify_time], [rec_ver], [attribute_name], [chinese_name], [remark], [system_table_uuid], [column_type], [column_aliases], [constant], [data_dictionary], [is_organize_selection_box], [entity_name]) VALUES (N'69c82b7d-2cde-41de-8e0f-c54d58f7fd63', NULL, NULL, N'U0000000001', CAST(0x07C06435088451370B AS DateTime2), 2, N'formUUID', N'formUUID', N'', N'5fc75ff5-2597-473b-96ad-ada0c4010f2f', N'', N'exchangeDocument_formUUID', N'', N'', NULL, N'ExchangeDocument')
INSERT [dbo].[cd_system_table_entity_attribute] ([uuid], [create_time], [creator], [modifier], [modify_time], [rec_ver], [attribute_name], [chinese_name], [remark], [system_table_uuid], [column_type], [column_aliases], [constant], [data_dictionary], [is_organize_selection_box], [entity_name]) VALUES (N'191526bd-800f-4168-b50f-faffbbde4493', NULL, NULL, N'U0000000001', CAST(0x07D0041C448451370B AS DateTime2), 2, N'modifier', N'modifier', N'', N'5fc75ff5-2597-473b-96ad-ada0c4010f2f', N'', N'exchangeDocument_modifier', N'', N'', NULL, N'ExchangeDocument')
INSERT [dbo].[cd_system_table_entity_attribute] ([uuid], [create_time], [creator], [modifier], [modify_time], [rec_ver], [attribute_name], [chinese_name], [remark], [system_table_uuid], [column_type], [column_aliases], [constant], [data_dictionary], [is_organize_selection_box], [entity_name]) VALUES (N'f37aca20-7c8e-40c4-8b12-9279ace56c44', NULL, NULL, N'U0000000001', CAST(0x0750542E448451370B AS DateTime2), 2, N'modifyTime', N'modifyTime', N'', N'5fc75ff5-2597-473b-96ad-ada0c4010f2f', N'', N'exchangeDocument_modifyTime', N'', N'', NULL, N'ExchangeDocument')
INSERT [dbo].[cd_system_table_entity_attribute] ([uuid], [create_time], [creator], [modifier], [modify_time], [rec_ver], [attribute_name], [chinese_name], [remark], [system_table_uuid], [column_type], [column_aliases], [constant], [data_dictionary], [is_organize_selection_box], [entity_name]) VALUES (N'e43dccf9-28b3-4745-9978-60caf2fc0e00', NULL, NULL, N'U0000000001', CAST(0x0770FC1F448451370B AS DateTime2), 2, N'recVer', N'recVer', N'', N'5fc75ff5-2597-473b-96ad-ada0c4010f2f', N'', N'exchangeDocument_recVer', N'', N'', NULL, N'ExchangeDocument')
INSERT [dbo].[cd_system_table_entity_attribute] ([uuid], [create_time], [creator], [modifier], [modify_time], [rec_ver], [attribute_name], [chinese_name], [remark], [system_table_uuid], [column_type], [column_aliases], [constant], [data_dictionary], [is_organize_selection_box], [entity_name]) VALUES (N'f7519db2-ecd9-4ee3-b08a-8bd6c8b394c1', NULL, NULL, N'U0000000001', CAST(0x0770E414088451370B AS DateTime2), 2, N'senderTime', N'创建时间', N'', N'5fc75ff5-2597-473b-96ad-ada0c4010f2f', N'', N'exchangeDocument_senderTime', N'', N'', NULL, N'ExchangeDocument')
INSERT [dbo].[cd_system_table_entity_attribute] ([uuid], [create_time], [creator], [modifier], [modify_time], [rec_ver], [attribute_name], [chinese_name], [remark], [system_table_uuid], [column_type], [column_aliases], [constant], [data_dictionary], [is_organize_selection_box], [entity_name]) VALUES (N'64228ce7-e441-4332-9f0c-fca56efada73', NULL, NULL, N'U0000000001', CAST(0x07C02F29088451370B AS DateTime2), 2, N'senderUser', N'创建人', N'', N'5fc75ff5-2597-473b-96ad-ada0c4010f2f', N'', N'exchangeDocument_senderUser', N'', N'', NULL, N'ExchangeDocument')
INSERT [dbo].[cd_system_table_entity_attribute] ([uuid], [create_time], [creator], [modifier], [modify_time], [rec_ver], [attribute_name], [chinese_name], [remark], [system_table_uuid], [column_type], [column_aliases], [constant], [data_dictionary], [is_organize_selection_box], [entity_name]) VALUES (N'c45a3129-4349-4fd5-acde-1f4fa2f271f0', NULL, NULL, N'U0000000001', CAST(0x07304814088451370B AS DateTime2), 2, N'supervise', N'督办人', N'', N'5fc75ff5-2597-473b-96ad-ada0c4010f2f', N'', N'exchangeDocument_supervise', N'', N'', NULL, N'ExchangeDocument')
INSERT [dbo].[cd_system_table_entity_attribute] ([uuid], [create_time], [creator], [modifier], [modify_time], [rec_ver], [attribute_name], [chinese_name], [remark], [system_table_uuid], [column_type], [column_aliases], [constant], [data_dictionary], [is_organize_selection_box], [entity_name]) VALUES (N'28c72696-d8a5-4502-88b9-204781c6d9c0', NULL, NULL, N'U0000000001', CAST(0x07708339088451370B AS DateTime2), 2, N'uuid', N'uuid', N'', N'5fc75ff5-2597-473b-96ad-ada0c4010f2f', N'', N'exchangeDocument_uuid', N'', N'', NULL, N'ExchangeDocument')

INSERT [dbo].[cd_system_table_entity_attribute] ([uuid], [create_time], [creator], [modifier], [modify_time], [rec_ver], [attribute_name], [chinese_name], [remark], [system_table_uuid], [column_type], [column_aliases], [constant], [data_dictionary], [is_organize_selection_box], [entity_name]) VALUES (N'5b9055a8-1efb-4fd4-9efe-5c61b4cb1996', NULL, NULL, N'U0000000001', CAST(0x07A0C8D9C58351370B AS DateTime2), 2, N'attachment', N'附件', N'', N'd4c0e435-a0ac-44df-a4d1-2322984757e8', N'', N'exchangeSender_attachment', N'', N'', NULL, N'ExchangeSender')
INSERT [dbo].[cd_system_table_entity_attribute] ([uuid], [create_time], [creator], [modifier], [modify_time], [rec_ver], [attribute_name], [chinese_name], [remark], [system_table_uuid], [column_type], [column_aliases], [constant], [data_dictionary], [is_organize_selection_box], [entity_name]) VALUES (N'bbd03355-0b88-4c06-91e3-38e4d0d487b8', NULL, NULL, N'U0000000001', CAST(0x07D03DF57C8451370B AS DateTime2), 2, N'createTime', N'createTime', N'', N'd4c0e435-a0ac-44df-a4d1-2322984757e8', N'', N'exchangeSender_createTime', N'', N'', NULL, N'ExchangeSender')
INSERT [dbo].[cd_system_table_entity_attribute] ([uuid], [create_time], [creator], [modifier], [modify_time], [rec_ver], [attribute_name], [chinese_name], [remark], [system_table_uuid], [column_type], [column_aliases], [constant], [data_dictionary], [is_organize_selection_box], [entity_name]) VALUES (N'f583c53b-20a7-406c-8cd2-b6b97d891733', NULL, NULL, N'U0000000001', CAST(0x0730D366708451370B AS DateTime2), 2, N'creator', N'creator', N'', N'd4c0e435-a0ac-44df-a4d1-2322984757e8', N'', N'exchangeSender_creator', N'', N'', NULL, N'ExchangeSender')
INSERT [dbo].[cd_system_table_entity_attribute] ([uuid], [create_time], [creator], [modifier], [modify_time], [rec_ver], [attribute_name], [chinese_name], [remark], [system_table_uuid], [column_type], [column_aliases], [constant], [data_dictionary], [is_organize_selection_box], [entity_name]) VALUES (N'20acf0c5-eeae-4ec0-a1ef-ff58c789f422', NULL, NULL, N'U0000000001', CAST(0x07C0C165708451370B AS DateTime2), 2, N'exchangeDocument', N'exchangeDocument', N'', N'd4c0e435-a0ac-44df-a4d1-2322984757e8', N'', N'exchangeSender_exchangeDocument', N'', N'', NULL, N'ExchangeSender')
INSERT [dbo].[cd_system_table_entity_attribute] ([uuid], [create_time], [creator], [modifier], [modify_time], [rec_ver], [attribute_name], [chinese_name], [remark], [system_table_uuid], [column_type], [column_aliases], [constant], [data_dictionary], [is_organize_selection_box], [entity_name]) VALUES (N'4f9779c5-338a-4603-9d96-4e812478001d', NULL, NULL, N'U0000000001', CAST(0x077053F47C8451370B AS DateTime2), 2, N'exchangeSendees', N'exchangeSendees', N'', N'd4c0e435-a0ac-44df-a4d1-2322984757e8', N'', N'exchangeSender_exchangeSendees', N'', N'', NULL, N'ExchangeSender')
INSERT [dbo].[cd_system_table_entity_attribute] ([uuid], [create_time], [creator], [modifier], [modify_time], [rec_ver], [attribute_name], [chinese_name], [remark], [system_table_uuid], [column_type], [column_aliases], [constant], [data_dictionary], [is_organize_selection_box], [entity_name]) VALUES (N'353169c1-6dde-4f3b-ae04-5da80c984778', NULL, NULL, N'U0000000001', CAST(0x070042D8C58351370B AS DateTime2), 2, N'feedBackLimit', N'反馈时限', N'', N'd4c0e435-a0ac-44df-a4d1-2322984757e8', N'', N'exchangeSender_feedBackLimit', N'', N'', NULL, N'ExchangeSender')
INSERT [dbo].[cd_system_table_entity_attribute] ([uuid], [create_time], [creator], [modifier], [modify_time], [rec_ver], [attribute_name], [chinese_name], [remark], [system_table_uuid], [column_type], [column_aliases], [constant], [data_dictionary], [is_organize_selection_box], [entity_name]) VALUES (N'18dc050c-5c52-4785-9287-1c98b5a50e89', NULL, NULL, N'U0000000001', CAST(0x0750E7F87C8451370B AS DateTime2), 2, N'feedBackLimitTime', N'feedBackLimitTime', N'', N'd4c0e435-a0ac-44df-a4d1-2322984757e8', N'', N'exchangeSender_feedBackLimitTime', N'', N'', NULL, N'ExchangeSender')
INSERT [dbo].[cd_system_table_entity_attribute] ([uuid], [create_time], [creator], [modifier], [modify_time], [rec_ver], [attribute_name], [chinese_name], [remark], [system_table_uuid], [column_type], [column_aliases], [constant], [data_dictionary], [is_organize_selection_box], [entity_name]) VALUES (N'6c5c7d99-29f5-4a32-bcde-5215cd0e0739', NULL, NULL, N'U0000000001', CAST(0x077088E5C58351370B AS DateTime2), 2, N'flag', N'标识', N'', N'd4c0e435-a0ac-44df-a4d1-2322984757e8', N'', N'exchangeSender_flag', N'', N'', NULL, N'ExchangeSender')
INSERT [dbo].[cd_system_table_entity_attribute] ([uuid], [create_time], [creator], [modifier], [modify_time], [rec_ver], [attribute_name], [chinese_name], [remark], [system_table_uuid], [column_type], [column_aliases], [constant], [data_dictionary], [is_organize_selection_box], [entity_name]) VALUES (N'803c018a-fb5b-4bbb-bb3e-78252d300795', NULL, NULL, N'U0000000001', CAST(0x07E0D5F77C8451370B AS DateTime2), 2, N'modifier', N'modifier', N'', N'd4c0e435-a0ac-44df-a4d1-2322984757e8', N'', N'exchangeSender_modifier', N'', N'', NULL, N'ExchangeSender')
INSERT [dbo].[cd_system_table_entity_attribute] ([uuid], [create_time], [creator], [modifier], [modify_time], [rec_ver], [attribute_name], [chinese_name], [remark], [system_table_uuid], [column_type], [column_aliases], [constant], [data_dictionary], [is_organize_selection_box], [entity_name]) VALUES (N'65517738-d8e0-48db-9fe6-a257be41bf7b', NULL, NULL, N'U0000000001', CAST(0x070042F37C8451370B AS DateTime2), 2, N'modifyTime', N'modifyTime', N'', N'd4c0e435-a0ac-44df-a4d1-2322984757e8', N'', N'exchangeSender_modifyTime', N'', N'', NULL, N'ExchangeSender')
INSERT [dbo].[cd_system_table_entity_attribute] ([uuid], [create_time], [creator], [modifier], [modify_time], [rec_ver], [attribute_name], [chinese_name], [remark], [system_table_uuid], [column_type], [column_aliases], [constant], [data_dictionary], [is_organize_selection_box], [entity_name]) VALUES (N'a1455fd3-ffb2-4957-bd2d-19d830a2146e', NULL, NULL, N'U0000000001', CAST(0x07B0D1DEC58351370B AS DateTime2), 2, N'parentUUID', N'父级', N'', N'd4c0e435-a0ac-44df-a4d1-2322984757e8', N'', N'exchangeSender_parentUUID', N'', N'', NULL, N'ExchangeSender')
INSERT [dbo].[cd_system_table_entity_attribute] ([uuid], [create_time], [creator], [modifier], [modify_time], [rec_ver], [attribute_name], [chinese_name], [remark], [system_table_uuid], [column_type], [column_aliases], [constant], [data_dictionary], [is_organize_selection_box], [entity_name]) VALUES (N'fc406cce-c8e6-4a89-b9fc-e9d92c5ddc8d', NULL, NULL, N'U0000000001', CAST(0x07404FF67C8451370B AS DateTime2), 2, N'recVer', N'recVer', N'', N'd4c0e435-a0ac-44df-a4d1-2322984757e8', N'', N'exchangeSender_recVer', N'', N'', NULL, N'ExchangeSender')
INSERT [dbo].[cd_system_table_entity_attribute] ([uuid], [create_time], [creator], [modifier], [modify_time], [rec_ver], [attribute_name], [chinese_name], [remark], [system_table_uuid], [column_type], [column_aliases], [constant], [data_dictionary], [is_organize_selection_box], [entity_name]) VALUES (N'2ffedaf5-8af5-412f-aedf-508a8ae994ff', NULL, NULL, N'U0000000001', CAST(0x0790BFD4C58351370B AS DateTime2), 2, N'sendType', N'sendType', N'', N'd4c0e435-a0ac-44df-a4d1-2322984757e8', N'', N'exchangeSender_sendType', N'', N'', NULL, N'ExchangeSender')
INSERT [dbo].[cd_system_table_entity_attribute] ([uuid], [create_time], [creator], [modifier], [modify_time], [rec_ver], [attribute_name], [chinese_name], [remark], [system_table_uuid], [column_type], [column_aliases], [constant], [data_dictionary], [is_organize_selection_box], [entity_name]) VALUES (N'cb2a067e-5da1-4020-ad84-06ef5a4c34ac', NULL, NULL, N'U0000000001', CAST(0x0720AED3C58351370B AS DateTime2), 2, N'senderTime', N'发送时间', N'', N'd4c0e435-a0ac-44df-a4d1-2322984757e8', N'', N'exchangeSender_senderTime', N'', N'', NULL, N'ExchangeSender')
INSERT [dbo].[cd_system_table_entity_attribute] ([uuid], [create_time], [creator], [modifier], [modify_time], [rec_ver], [attribute_name], [chinese_name], [remark], [system_table_uuid], [column_type], [column_aliases], [constant], [data_dictionary], [is_organize_selection_box], [entity_name]) VALUES (N'17f554d0-a915-43f7-b31a-1045d7676de3', NULL, NULL, N'U0000000001', CAST(0x07401ACFC58351370B AS DateTime2), 3, N'senderType', N'senderType', N'', N'd4c0e435-a0ac-44df-a4d1-2322984757e8', N'', N'exchangeSender_senderType', N'', N'', NULL, N'ExchangeSender')
INSERT [dbo].[cd_system_table_entity_attribute] ([uuid], [create_time], [creator], [modifier], [modify_time], [rec_ver], [attribute_name], [chinese_name], [remark], [system_table_uuid], [column_type], [column_aliases], [constant], [data_dictionary], [is_organize_selection_box], [entity_name]) VALUES (N'8d9dbdbd-b5ea-45f4-b028-8a1dc24f7483', NULL, NULL, N'U0000000001', CAST(0x07D072E6C58351370B AS DateTime2), 2, N'senderUser', N'发送人', N'', N'd4c0e435-a0ac-44df-a4d1-2322984757e8', N'', N'exchangeSender_senderUser', N'', N'', NULL, N'ExchangeSender')
INSERT [dbo].[cd_system_table_entity_attribute] ([uuid], [create_time], [creator], [modifier], [modify_time], [rec_ver], [attribute_name], [chinese_name], [remark], [system_table_uuid], [column_type], [column_aliases], [constant], [data_dictionary], [is_organize_selection_box], [entity_name]) VALUES (N'b7de2ee9-36e7-431a-8d81-2829006b576c', NULL, NULL, N'U0000000001', CAST(0x0720E3DFC58351370B AS DateTime2), 2, N'signLimit', N'签收时限', N'', N'd4c0e435-a0ac-44df-a4d1-2322984757e8', N'', N'exchangeSender_signLimit', N'', N'', NULL, N'ExchangeSender')
INSERT [dbo].[cd_system_table_entity_attribute] ([uuid], [create_time], [creator], [modifier], [modify_time], [rec_ver], [attribute_name], [chinese_name], [remark], [system_table_uuid], [column_type], [column_aliases], [constant], [data_dictionary], [is_organize_selection_box], [entity_name]) VALUES (N'c0ca091c-1488-4f8b-a39c-b908c401f319', NULL, NULL, N'U0000000001', CAST(0x07604867708451370B AS DateTime2), 2, N'signLimitTime', N'signLimitTime', N'', N'd4c0e435-a0ac-44df-a4d1-2322984757e8', N'', N'exchangeSender_signLimitTime', N'', N'', NULL, N'ExchangeSender')
INSERT [dbo].[cd_system_table_entity_attribute] ([uuid], [create_time], [creator], [modifier], [modify_time], [rec_ver], [attribute_name], [chinese_name], [remark], [system_table_uuid], [column_type], [column_aliases], [constant], [data_dictionary], [is_organize_selection_box], [entity_name]) VALUES (N'6aec86a6-ecb3-4711-a0fb-383afc042003', NULL, NULL, N'U0000000001', CAST(0x077053D9C58351370B AS DateTime2), 2, N'uuid', N'uuid', N'', N'd4c0e435-a0ac-44df-a4d1-2322984757e8', N'', N'exchangeSender_uuid', N'', N'', NULL, N'ExchangeSender')

INSERT [dbo].[cd_system_table_entity_attribute] ([uuid], [create_time], [creator], [modifier], [modify_time], [rec_ver], [attribute_name], [chinese_name], [remark], [system_table_uuid], [column_type], [column_aliases], [constant], [data_dictionary], [is_organize_selection_box], [entity_name]) VALUES (N'e0f580e3-904c-4a3e-b4c8-6caeb75686d2', NULL, NULL, N'U0000000001', CAST(0x07F0DFBF598451370B AS DateTime2), 2, N'createTime', N'createTime', N'', N'fed8bdd9-468e-4b54-bad4-740dbb341f06', N'', N'exchangeSendee_createTime', N'', N'', NULL, N'ExchangeSendee')
INSERT [dbo].[cd_system_table_entity_attribute] ([uuid], [create_time], [creator], [modifier], [modify_time], [rec_ver], [attribute_name], [chinese_name], [remark], [system_table_uuid], [column_type], [column_aliases], [constant], [data_dictionary], [is_organize_selection_box], [entity_name]) VALUES (N'be854a3f-8e29-4be6-9406-d5f751826951', NULL, NULL, N'U0000000001', CAST(0x07D002C2598451370B AS DateTime2), 2, N'creator', N'creator', N'', N'fed8bdd9-468e-4b54-bad4-740dbb341f06', N'', N'exchangeSendee_creator', N'', N'', NULL, N'ExchangeSendee')
INSERT [dbo].[cd_system_table_entity_attribute] ([uuid], [create_time], [creator], [modifier], [modify_time], [rec_ver], [attribute_name], [chinese_name], [remark], [system_table_uuid], [column_type], [column_aliases], [constant], [data_dictionary], [is_organize_selection_box], [entity_name]) VALUES (N'aebd06df-2dd0-4e83-a4f1-5f7369d1ea5c', NULL, NULL, N'U0000000001', CAST(0x0760F1C0598451370B AS DateTime2), 2, N'exchangeSender', N'exchangeSender', N'', N'fed8bdd9-468e-4b54-bad4-740dbb341f06', N'', N'exchangeSendee_exchangeSender', N'', N'', NULL, N'ExchangeSendee')
INSERT [dbo].[cd_system_table_entity_attribute] ([uuid], [create_time], [creator], [modifier], [modify_time], [rec_ver], [attribute_name], [chinese_name], [remark], [system_table_uuid], [column_type], [column_aliases], [constant], [data_dictionary], [is_organize_selection_box], [entity_name]) VALUES (N'9589985b-c5f3-4226-b067-a7e757e317c8', NULL, NULL, N'U0000000001', CAST(0x075052D4598451370B AS DateTime2), 2, N'modifier', N'modifier', N'', N'fed8bdd9-468e-4b54-bad4-740dbb341f06', N'', N'exchangeSendee_modifier', N'', N'', NULL, N'ExchangeSendee')
INSERT [dbo].[cd_system_table_entity_attribute] ([uuid], [create_time], [creator], [modifier], [modify_time], [rec_ver], [attribute_name], [chinese_name], [remark], [system_table_uuid], [column_type], [column_aliases], [constant], [data_dictionary], [is_organize_selection_box], [entity_name]) VALUES (N'ae838996-0e40-44ee-b48c-ec7c59f37f29', NULL, NULL, N'U0000000001', CAST(0x07A0FEC3598451370B AS DateTime2), 2, N'modifyTime', N'modifyTime', N'', N'fed8bdd9-468e-4b54-bad4-740dbb341f06', N'', N'exchangeSendee_modifyTime', N'', N'', NULL, N'ExchangeSendee')
INSERT [dbo].[cd_system_table_entity_attribute] ([uuid], [create_time], [creator], [modifier], [modify_time], [rec_ver], [attribute_name], [chinese_name], [remark], [system_table_uuid], [column_type], [column_aliases], [constant], [data_dictionary], [is_organize_selection_box], [entity_name]) VALUES (N'e5fcbcba-e68d-4378-b73a-8958b2ffc594', NULL, NULL, N'U0000000001', CAST(0x07900965228451370B AS DateTime2), 2, N'readTime', N'已读时间', N'', N'fed8bdd9-468e-4b54-bad4-740dbb341f06', N'', N'exchangeSendee_readTime', N'', N'', NULL, N'ExchangeSendee')
INSERT [dbo].[cd_system_table_entity_attribute] ([uuid], [create_time], [creator], [modifier], [modify_time], [rec_ver], [attribute_name], [chinese_name], [remark], [system_table_uuid], [column_type], [column_aliases], [constant], [data_dictionary], [is_organize_selection_box], [entity_name]) VALUES (N'76104576-7c03-4838-8f95-617d88a3c57d', NULL, NULL, N'U0000000001', CAST(0x078092C8598451370B AS DateTime2), 2, N'recVer', N'recVer', N'', N'fed8bdd9-468e-4b54-bad4-740dbb341f06', N'', N'exchangeSendee_recVer', N'', N'', NULL, N'ExchangeSendee')
INSERT [dbo].[cd_system_table_entity_attribute] ([uuid], [create_time], [creator], [modifier], [modify_time], [rec_ver], [attribute_name], [chinese_name], [remark], [system_table_uuid], [column_type], [column_aliases], [constant], [data_dictionary], [is_organize_selection_box], [entity_name]) VALUES (N'f8a0a417-2ca1-4cf1-b320-d48d4eeff1cb', NULL, NULL, N'U0000000001', CAST(0x07B096C6598451370B AS DateTime2), 2, N'sendeeSignName', N'sendeeSignName', N'', N'fed8bdd9-468e-4b54-bad4-740dbb341f06', N'', N'exchangeSendee_sendeeSignName', N'', N'', NULL, N'ExchangeSendee')
INSERT [dbo].[cd_system_table_entity_attribute] ([uuid], [create_time], [creator], [modifier], [modify_time], [rec_ver], [attribute_name], [chinese_name], [remark], [system_table_uuid], [column_type], [column_aliases], [constant], [data_dictionary], [is_organize_selection_box], [entity_name]) VALUES (N'5deb336a-39c5-4abe-a887-2b982c415ea8', NULL, NULL, N'U0000000001', CAST(0x07301F64228451370B AS DateTime2), 2, N'sendeeType', N'接收类型', N'', N'fed8bdd9-468e-4b54-bad4-740dbb341f06', N'', N'exchangeSendee_sendeeType', N'', N'', NULL, N'ExchangeSendee')
INSERT [dbo].[cd_system_table_entity_attribute] ([uuid], [create_time], [creator], [modifier], [modify_time], [rec_ver], [attribute_name], [chinese_name], [remark], [system_table_uuid], [column_type], [column_aliases], [constant], [data_dictionary], [is_organize_selection_box], [entity_name]) VALUES (N'219766d3-23cd-4eb0-956d-40fd8204145e', NULL, NULL, N'U0000000001', CAST(0x07C00D63228451370B AS DateTime2), 2, N'sendeeUser', N'接收人', N'', N'fed8bdd9-468e-4b54-bad4-740dbb341f06', N'', N'exchangeSendee_sendeeUser', N'', N'', NULL, N'ExchangeSendee')
INSERT [dbo].[cd_system_table_entity_attribute] ([uuid], [create_time], [creator], [modifier], [modify_time], [rec_ver], [attribute_name], [chinese_name], [remark], [system_table_uuid], [column_type], [column_aliases], [constant], [data_dictionary], [is_organize_selection_box], [entity_name]) VALUES (N'4f412065-05e8-4986-a793-3cc3bd13ab7a', NULL, NULL, N'U0000000001', CAST(0x0710246B228451370B AS DateTime2), 2, N'signTime', N'签收时间', N'', N'fed8bdd9-468e-4b54-bad4-740dbb341f06', N'', N'exchangeSendee_signTime', N'', N'', NULL, N'ExchangeSendee')
INSERT [dbo].[cd_system_table_entity_attribute] ([uuid], [create_time], [creator], [modifier], [modify_time], [rec_ver], [attribute_name], [chinese_name], [remark], [system_table_uuid], [column_type], [column_aliases], [constant], [data_dictionary], [is_organize_selection_box], [entity_name]) VALUES (N'b0d217ea-46af-4822-83f9-6ce35b48f090', NULL, NULL, N'U0000000001', CAST(0x07001B66228451370B AS DateTime2), 2, N'uuid', N'uuid', N'', N'fed8bdd9-468e-4b54-bad4-740dbb341f06', N'', N'exchangeSendee_uuid', N'', N'', NULL, N'ExchangeSendee')

--导航
INSERT [dbo].[cms_category] ([uuid], [create_time], [creator], [modifier], [modify_time], [rec_ver], [div_id], [icon], [input_url], [new_page], [open_type], [page_url], [parent_uuid], [remark], [title], [code], [module_id], [js_content], [full_window]) VALUES (N'98773102-0987-4119-a722-ddaa2e58c59f', CAST(0x071096307E5A41370B AS DateTime2), N'U0000000001', N'U0000000001', CAST(0x0740233BBB8752370B AS DateTime2), 24, N'', N'', N'', 0, N'pageUrl', N'/pt/cms/index.jsp?uuid=0b11699c-7807-48eb-a63c-baf5419ae837', NULL, NULL, N'公文交换', N'EXCHANGE', N'0d3d2c30-e549-4fd2-a55e-52f8fa855710', N'', N'no')
INSERT [dbo].[cms_category] ([uuid], [create_time], [creator], [modifier], [modify_time], [rec_ver], [div_id], [icon], [input_url], [new_page], [open_type], [page_url], [parent_uuid], [remark], [title], [code], [module_id], [js_content], [full_window]) VALUES (N'ef11e01f-adf7-455b-86eb-d452ef436509', CAST(0x0730401DE05A41370B AS DateTime2), N'U0000000001', N'U0000000001', CAST(0x0710CB34B38251370B AS DateTime2), 2, N'20136315910846', N'', N'', 0, N'divId', N'/pt/cms/index.jsp?uuid=0b11699c-7807-48eb-a63c-baf5419ae837', N'98773102-0987-4119-a722-ddaa2e58c59f', NULL, N'废件箱', N'005', N'6356bb37-32cd-4151-a1ac-ddee551a514a', N'', N'no')
INSERT [dbo].[cms_category] ([uuid], [create_time], [creator], [modifier], [modify_time], [rec_ver], [div_id], [icon], [input_url], [new_page], [open_type], [page_url], [parent_uuid], [remark], [title], [code], [module_id], [js_content], [full_window]) VALUES (N'1de68146-9286-4019-a247-0b863767bad1', CAST(0x07308D85D05A41370B AS DateTime2), N'U0000000001', N'U0000000001', CAST(0x07D0FCA7A88251370B AS DateTime2), 2, N'20136315910846', N'', N'', 0, N'divId', N'/pt/cms/index.jsp?uuid=0b11699c-7807-48eb-a63c-baf5419ae837', N'98773102-0987-4119-a722-ddaa2e58c59f', NULL, N'督办箱', N'004', N'6ce0966e-eebc-44ba-ba97-c232da52c803', N'', N'no')
INSERT [dbo].[cms_category] ([uuid], [create_time], [creator], [modifier], [modify_time], [rec_ver], [div_id], [icon], [input_url], [new_page], [open_type], [page_url], [parent_uuid], [remark], [title], [code], [module_id], [js_content], [full_window]) VALUES (N'518e4f77-9b50-4c0f-8ba0-fb90f0c7b2e1', CAST(0x07108075FE5A41370B AS DateTime2), N'U0000000001', N'U0000000001', CAST(0x07302BF2938251370B AS DateTime2), 2, N'20136315910846', N'', N'', 0, N'divId', N'/pt/cms/index.jsp?uuid=0b11699c-7807-48eb-a63c-baf5419ae837', N'98773102-0987-4119-a722-ddaa2e58c59f', NULL, N'发件箱', N'002', N'ee974e71-faf3-4ec8-8c86-6513e39893fb', N'', N'no')
INSERT [dbo].[cms_category] ([uuid], [create_time], [creator], [modifier], [modify_time], [rec_ver], [div_id], [icon], [input_url], [new_page], [open_type], [page_url], [parent_uuid], [remark], [title], [code], [module_id], [js_content], [full_window]) VALUES (N'870b9406-c4a1-4711-a0d6-16549c4de48b', CAST(0x07302363A25B41370B AS DateTime2), N'U0000000001', N'U0000000001', CAST(0x07801C4AFA7351370B AS DateTime2), 16, N'20136315910846', N'', N'/exchange/config', 0, N'divId', N'/pt/cms/index.jsp?uuid=0b11699c-7807-48eb-a63c-baf5419ae837', N'98773102-0987-4119-a722-ddaa2e58c59f', NULL, N'设置', N'006', N'0d3d2c30-e549-4fd2-a55e-52f8fa855710', N'', N'no')
INSERT [dbo].[cms_category] ([uuid], [create_time], [creator], [modifier], [modify_time], [rec_ver], [div_id], [icon], [input_url], [new_page], [open_type], [page_url], [parent_uuid], [remark], [title], [code], [module_id], [js_content], [full_window]) VALUES (N'8765c7a9-d63d-4430-afae-4cf7810e6eff', CAST(0x07D00CABA45A41370B AS DateTime2), N'U0000000001', N'U0000000001', CAST(0x0770E4E5838251370B AS DateTime2), 2, N'20136315910846', N'', N'', 0, N'divId', N'/pt/cms/index.jsp?uuid=0b11699c-7807-48eb-a63c-baf5419ae837', N'98773102-0987-4119-a722-ddaa2e58c59f', NULL, N'草稿箱', N'001', N'fc379458-24ba-4872-ad3b-853ba2e03d7a', N'', N'no')
INSERT [dbo].[cms_category] ([uuid], [create_time], [creator], [modifier], [modify_time], [rec_ver], [div_id], [icon], [input_url], [new_page], [open_type], [page_url], [parent_uuid], [remark], [title], [code], [module_id], [js_content], [full_window]) VALUES (N'8ceb9631-16ad-4866-b0b7-27c1e0416a6f', CAST(0x07903ACDF35A41370B AS DateTime2), N'U0000000001', N'U0000000001', CAST(0x0750BAB49F8251370B AS DateTime2), 2, N'20136315910846', N'', N'', 0, N'divId', N'/pt/cms/index.jsp?uuid=0b11699c-7807-48eb-a63c-baf5419ae837', N'98773102-0987-4119-a722-ddaa2e58c59f', NULL, N'收件箱', N'003', N'17b7b221-18f1-4d4f-b593-2cb0bb230497', N'', N'no')

--元素
INSERT [dbo].[cms_module] ([uuid], [create_time], [creator], [modifier], [modify_time], [rec_ver], [bean_class], [catalog], [columns], [control_class], [control_method], [default_height], [default_tpl_style], [default_width], [js_dir], [name], [path], [role], [rows], [tpl_dir], [type], [is_edit], [more_Url], [cate_uuid], [cate_name], [html_content], [temp]) VALUES (N'6356bb37-32cd-4151-a1ac-ddee551a514a', CAST(0x07B0803E228251370B AS DateTime2), N'U0000000001', N'U0000000001', CAST(0x07B0803E228251370B AS DateTime2), 38, NULL, NULL, NULL, NULL, NULL, 100, NULL, 200, N'', N'公文交换_废件', N'/basicdata/dyview/view_show?viewUuid=643fb824-d048-4e6b-9b42-7a6ed8d8c98b', NULL, NULL, NULL, NULL, N'false', N'', N'33ca485d-4cba-45b9-9809-f2fccc5160b4', N'分类一', NULL, N'<style type="text/css">.footer{height:98px;margin-top:15px;overflow:hidden;text-indent:-9999px;border-top:2px solid #cacfd2;background:#eaeced url(${ctx}/resources/theme/images/v1_footer.png) no-repeat 35px 10px;}
</style>
<div class="footer">威尔软件 协同办公系统</div>
')
INSERT [dbo].[cms_module] ([uuid], [create_time], [creator], [modifier], [modify_time], [rec_ver], [bean_class], [catalog], [columns], [control_class], [control_method], [default_height], [default_tpl_style], [default_width], [js_dir], [name], [path], [role], [rows], [tpl_dir], [type], [is_edit], [more_Url], [cate_uuid], [cate_name], [html_content], [temp]) VALUES (N'6ce0966e-eebc-44ba-ba97-c232da52c803', CAST(0x07D00407158251370B AS DateTime2), N'U0000000001', N'U0000000001', CAST(0x07D00407158251370B AS DateTime2), 38, NULL, NULL, NULL, NULL, NULL, 100, NULL, 200, N'', N'公文交换_督办', N'/basicdata/dyview/view_show?viewUuid=63717242-99b5-4c38-aa50-f77e648ee742', NULL, NULL, NULL, NULL, N'false', N'', N'33ca485d-4cba-45b9-9809-f2fccc5160b4', N'分类一', NULL, N'<style type="text/css">.footer{height:98px;margin-top:15px;overflow:hidden;text-indent:-9999px;border-top:2px solid #cacfd2;background:#eaeced url(${ctx}/resources/theme/images/v1_footer.png) no-repeat 35px 10px;}
</style>
<div class="footer">威尔软件 协同办公系统</div>
')
INSERT [dbo].[cms_module] ([uuid], [create_time], [creator], [modifier], [modify_time], [rec_ver], [bean_class], [catalog], [columns], [control_class], [control_method], [default_height], [default_tpl_style], [default_width], [js_dir], [name], [path], [role], [rows], [tpl_dir], [type], [is_edit], [more_Url], [cate_uuid], [cate_name], [html_content], [temp]) VALUES (N'ee974e71-faf3-4ec8-8c86-6513e39893fb', CAST(0x07E0F59FFD8151370B AS DateTime2), N'U0000000001', N'U0000000001', CAST(0x07E0F59FFD8151370B AS DateTime2), 54, NULL, NULL, NULL, NULL, NULL, 100, NULL, 200, N'', N'公文交换_发件', N'/basicdata/dyview/view_show?viewUuid=a0df5dc2-2283-40ea-ac50-0dfa621c5c04', NULL, NULL, NULL, NULL, N'false', N'', N'33ca485d-4cba-45b9-9809-f2fccc5160b4', N'分类一', NULL, N'<style type="text/css">.footer{height:98px;overflow:hidden;text-indent:-9999px;border-top:2px solid #cacfd2;background:#eaeced url(${ctx}/resources/theme/images/v1_footer.png) no-repeat 35px 10px;}
</style>
<div class="footer">威尔软件 协同办公系统</div>
')
INSERT [dbo].[cms_module] ([uuid], [create_time], [creator], [modifier], [modify_time], [rec_ver], [bean_class], [catalog], [columns], [control_class], [control_method], [default_height], [default_tpl_style], [default_width], [js_dir], [name], [path], [role], [rows], [tpl_dir], [type], [is_edit], [more_Url], [cate_uuid], [cate_name], [html_content], [temp]) VALUES (N'fc379458-24ba-4872-ad3b-853ba2e03d7a', CAST(0x0700BD08265F41370B AS DateTime2), N'U0000000001', N'U0000000001', CAST(0x0790805D6E8251370B AS DateTime2), 55, NULL, NULL, NULL, NULL, NULL, 100, NULL, 200, N'', N'公文交换_草稿', N'/basicdata/dyview/view_show?viewUuid=62664b6f-ba17-4e48-8824-15a6a8cdac7e', NULL, NULL, NULL, NULL, N'false', N'', N'33ca485d-4cba-45b9-9809-f2fccc5160b4', N'分类一', NULL, N'<style type="text/css">.footer{height:98px;overflow:hidden;text-indent:-9999px;border-top:2px solid #cacfd2;background:#eaeced url(${ctx}/resources/theme/images/v1_footer.png) no-repeat 35px 10px;}
</style>
<div class="footer">威尔软件 协同办公系统</div>
')
INSERT [dbo].[cms_module] ([uuid], [create_time], [creator], [modifier], [modify_time], [rec_ver], [bean_class], [catalog], [columns], [control_class], [control_method], [default_height], [default_tpl_style], [default_width], [js_dir], [name], [path], [role], [rows], [tpl_dir], [type], [is_edit], [more_Url], [cate_uuid], [cate_name], [html_content], [temp]) VALUES (N'0d3d2c30-e549-4fd2-a55e-52f8fa855710', CAST(0x0700E573146041370B AS DateTime2), N'U0000000001', N'U0000000001', CAST(0x07E034F4C28352370B AS DateTime2), 57, NULL, NULL, NULL, NULL, NULL, 100, NULL, 200, N'/resources/jqueryui/js/jquery-ui.js,/resources/jquery/jquery.js,/resources/pt/js/global.js,/resources/pt/js/org/unit/jquery.unit.js,/resources/exchange/js/common.js,/resources/exchange/js/setting.js', N'公文交换_设置', N'/exchange/config.action', NULL, NULL, NULL, NULL, N'other', N'', N'33ca485d-4cba-45b9-9809-f2fccc5160b4', N'分类一', NULL, N'<style type="text/css">.footer{height:98px;overflow:hidden;text-indent:-9999px;border-top:2px solid #cacfd2;background:#eaeced url(${ctx}/resources/theme/images/v1_footer.png) no-repeat 35px 10px;}
</style>
<div class="footer">威尔软件 协同办公系统</div>
')
INSERT [dbo].[cms_module] ([uuid], [create_time], [creator], [modifier], [modify_time], [rec_ver], [bean_class], [catalog], [columns], [control_class], [control_method], [default_height], [default_tpl_style], [default_width], [js_dir], [name], [path], [role], [rows], [tpl_dir], [type], [is_edit], [more_Url], [cate_uuid], [cate_name], [html_content], [temp]) VALUES (N'17b7b221-18f1-4d4f-b593-2cb0bb230497', CAST(0x07404C410A8251370B AS DateTime2), N'U0000000001', N'U0000000001', CAST(0x07404C410A8251370B AS DateTime2), 38, NULL, NULL, NULL, NULL, NULL, 100, NULL, 200, N'', N'公文交换_收件', N'/basicdata/dyview/view_show?viewUuid=8fe9c1e0-0acb-4ccb-8428-7a04301b7cb3', NULL, NULL, NULL, NULL, N'false', N'', N'33ca485d-4cba-45b9-9809-f2fccc5160b4', N'分类一', NULL, N'<style type="text/css">.footer{height:98px;margin-top:15px;overflow:hidden;text-indent:-9999px;border-top:2px solid #cacfd2;background:#eaeced url(${ctx}/resources/theme/images/v1_footer.png) no-repeat 35px 10px;}
</style>
<div class="footer">威尔软件 协同办公系统</div>
')

--视图
INSERT [dbo].[dyview_view_definition] ([uuid], [create_time], [creator], [modifier], [modify_time], [rec_ver], [data_scope], [data_uuid], [formuuid], [id], [page_able], [page_row], [table_definition_name], [table_definition_text], [view_name], [default_condition], [show_title], [module_id], [role_type], [role_value], [role_name], [url], [line_type], [js_src], [show_check_box], [is_read], [read_key], [check_key]) VALUES (N'62664b6f-ba17-4e48-8824-15a6a8cdac7e', CAST(0x078046BEE27E51370B AS DateTime2), N'U0000000001', N'U0000000001', CAST(0x0750DFD4338151370B AS DateTime2), 183, 2, NULL, N'5fc75ff5-2597-473b-96ad-ada0c4010f2f', N'V22fee62e-8787-4e85-a3fc-6230b2908b53', 0, NULL, N'ExchangeDocument', N'公文交换信息表', N'公文交换_草稿', N'', 1, NULL, N'32', NULL, NULL, N'', N'头部', N'', 1, 0, N'', N'')
INSERT [dbo].[dyview_view_definition] ([uuid], [create_time], [creator], [modifier], [modify_time], [rec_ver], [data_scope], [data_uuid], [formuuid], [id], [page_able], [page_row], [table_definition_name], [table_definition_text], [view_name], [default_condition], [show_title], [module_id], [role_type], [role_value], [role_name], [url], [line_type], [js_src], [show_check_box], [is_read], [read_key], [check_key]) VALUES (N'63717242-99b5-4c38-aa50-f77e648ee742', CAST(0x070065C9DC8051370B AS DateTime2), N'U0000000001', N'U0000000001', CAST(0x0780E519B38151370B AS DateTime2), 183, 2, NULL, N'd4c0e435-a0ac-44df-a4d1-2322984757e8', N'V91c092ab-34e2-4d97-9171-e6fcedef6d91', 0, NULL, N'ExchangeSender', N'公文交换发送表', N'公文交换_督办', N'', 1, NULL, N'2048', NULL, NULL, N'', N'头部', N'', 1, 0, N'', N'')
INSERT [dbo].[dyview_view_definition] ([uuid], [create_time], [creator], [modifier], [modify_time], [rec_ver], [data_scope], [data_uuid], [formuuid], [id], [page_able], [page_row], [table_definition_name], [table_definition_text], [view_name], [default_condition], [show_title], [module_id], [role_type], [role_value], [role_name], [url], [line_type], [js_src], [show_check_box], [is_read], [read_key], [check_key]) VALUES (N'643fb824-d048-4e6b-9b42-7a6ed8d8c98b', CAST(0x07800055218151370B AS DateTime2), N'U0000000001', N'U0000000001', CAST(0x07F01E97B98151370B AS DateTime2), 301, 2, NULL, N'5fc75ff5-2597-473b-96ad-ada0c4010f2f', N'V96432805-7419-4ea5-b1b0-9f199cd25f5b', 0, NULL, N'ExchangeDocument', N'公文交换信息表', N'公文交换_废件', N'', 1, NULL, N'8', NULL, NULL, N'', N'头部', N'', 1, 0, N'', N'')
INSERT [dbo].[dyview_view_definition] ([uuid], [create_time], [creator], [modifier], [modify_time], [rec_ver], [data_scope], [data_uuid], [formuuid], [id], [page_able], [page_row], [table_definition_name], [table_definition_text], [view_name], [default_condition], [show_title], [module_id], [role_type], [role_value], [role_name], [url], [line_type], [js_src], [show_check_box], [is_read], [read_key], [check_key]) VALUES (N'8fe9c1e0-0acb-4ccb-8428-7a04301b7cb3', CAST(0x07802CD45D8051370B AS DateTime2), N'U0000000001', N'U0000000001', CAST(0x07904ECDBD8151370B AS DateTime2), 301, 2, NULL, N'fed8bdd9-468e-4b54-bad4-740dbb341f06', N'V3d292c65-95de-4671-be94-8fdaa3c93c5e', 0, NULL, N'ExchangeSendee', N'公文交换接收表', N'公文交换_收件', N'', 1, NULL, N'64', NULL, NULL, N'', N'头部', N'', 1, 0, N'', N'')
INSERT [dbo].[dyview_view_definition] ([uuid], [create_time], [creator], [modifier], [modify_time], [rec_ver], [data_scope], [data_uuid], [formuuid], [id], [page_able], [page_row], [table_definition_name], [table_definition_text], [view_name], [default_condition], [show_title], [module_id], [role_type], [role_value], [role_name], [url], [line_type], [js_src], [show_check_box], [is_read], [read_key], [check_key]) VALUES (N'a0df5dc2-2283-40ea-ac50-0dfa621c5c04', CAST(0x07003B27967F51370B AS DateTime2), N'U0000000001', N'U0000000001', CAST(0x07E0A5B2F18451370B AS DateTime2), 185, 2, NULL, N'd4c0e435-a0ac-44df-a4d1-2322984757e8', N'Vd6022bd6-64cf-4830-aba5-ab416a1be83b', 0, NULL, N'ExchangeSender', N'公文交换发送表', N'公文交换_发件', N'', 1, NULL, N'4', NULL, NULL, N'', N'头部', N'', 1, 0, N'', N'')